50,50,1,959,1,0
51,51,0,0,0,0
52,52,0,1,1,0
53,53,0,2,1,0
54,54,0,3,0,0
55,55,0,4,0,0
56,56,0,5,0,0
57,57,0,6,0,0
58,58,0,7,1,0
59,59,0,8,1,0
60,60,0,9,0,0
61,61,0,10,0,0
62,62,0,11,0,0
63,63,0,12,0,0
64,64,0,13,0,0
65,65,0,14,1,0
66,66,0,15,0,0
67,67,0,16,1,0
68,68,0,17,0,0
69,69,0,18,0,0
70,70,0,19,0,0
71,71,0,20,0,0
72,72,0,21,0,0
73,73,0,22,0,0
74,74,0,23,0,0
75,75,0,24,0,0
76,76,0,25,0,0
77,77,0,26,1,0
78,78,0,27,1,0
79,79,0,28,0,0
80,80,0,29,0,0
81,81,0,30,0,0
82,82,0,31,0,0
83,83,0,32,0,0
84,84,0,33,0,0
85,85,0,34,1,0
86,86,0,35,0,0
87,87,0,36,1,0
88,88,0,37,1,0
89,89,0,38,1,0
90,90,0,39,0,0
91,91,0,40,0,0
92,92,0,41,0,0
93,93,0,42,0,0
94,94,0,43,0,0
95,95,0,44,0,0
96,96,0,45,0,0
97,97,0,46,1,0
98,98,0,47,1,0
99,99,0,48,0,0
100,100,0,49,0,0
101,101,0,50,0,0
102,102,0,51,0,0
103,103,0,52,0,0
104,104,0,53,0,0
105,105,0,54,1,0
106,106,0,55,0,0
107,107,0,56,1,0
108,108,0,57,1,0
109,109,0,58,0,0
110,110,0,59,0,0
111,111,0,60,0,0
112,112,0,61,0,0
113,113,0,62,0,0
114,114,0,63,0,0
115,115,0,64,0,0
116,116,0,65,0,0
117,117,0,66,1,0
118,118,0,67,1,0
119,119,0,68,0,0
120,120,0,69,0,0
121,121,0,70,0,0
122,122,0,71,0,0
123,123,0,72,0,0
124,124,0,73,0,0
125,125,0,74,1,0
126,126,0,75,0,0
127,127,0,76,1,0
128,128,0,77,0,0
129,129,0,78,1,0
130,130,0,79,0,0
131,131,0,80,0,0
132,132,0,81,0,0
133,133,0,82,0,0
134,134,0,83,0,0
135,135,0,84,0,0
136,136,0,85,0,0
137,137,0,86,1,0
138,138,0,87,1,0
139,139,0,88,0,0
140,140,0,89,0,0
141,141,0,90,0,0
142,142,0,91,0,0
143,143,0,92,0,0
144,144,0,93,0,0
145,145,0,94,1,0
146,146,0,95,0,0
147,147,0,96,1,0
148,148,0,97,0,0
149,149,0,98,0,0
150,150,0,99,0,0
151,151,0,100,0,0
152,152,0,101,0,0
153,153,0,102,0,0
154,154,0,103,0,0
155,155,0,104,0,0
156,156,0,105,0,0
157,157,0,106,1,0
158,158,0,107,1,0
159,159,0,108,0,0
160,160,0,109,0,0
161,161,0,110,0,0
162,162,0,111,0,0
163,163,0,112,0,0
164,164,0,113,0,0
165,165,0,114,1,0
166,166,0,115,0,0
167,167,0,116,1,0
168,168,0,117,0,0
169,169,0,118,1,0
170,170,0,119,0,0
171,171,0,120,0,0
172,172,0,121,0,0
173,173,0,122,0,0
174,174,0,123,0,0
175,175,0,124,0,0
176,176,0,125,0,0
177,177,0,126,1,0
178,178,0,127,1,0
179,179,0,128,0,0
180,180,0,129,0,0
181,181,0,130,0,0
182,182,0,131,0,0
183,183,0,132,0,0
184,184,0,133,0,0
185,185,0,134,1,0
186,186,0,135,0,0
187,187,0,136,1,0
188,188,0,137,0,0
189,189,0,138,1,0
190,190,0,139,0,0
191,191,0,140,0,0
192,192,0,141,0,0
193,193,0,142,0,0
194,194,0,143,0,0
195,195,0,144,0,0
196,196,0,145,0,0
197,197,0,146,1,0
198,198,0,147,1,0
199,199,0,148,0,0
200,200,0,149,0,0
201,201,0,150,0,0
202,202,0,151,0,0
203,203,0,152,0,0
204,204,0,153,0,0
205,205,0,154,1,0
206,206,0,155,0,0
207,207,0,156,0,0
208,208,0,157,1,0
209,209,0,158,0,0
210,210,0,159,0,0
211,211,0,160,0,0
212,212,0,161,0,0
213,213,0,162,0,0
214,214,0,163,0,0
215,215,0,164,0,0
216,216,0,165,0,0
217,217,0,166,1,0
218,218,0,167,1,0
219,219,0,168,0,0
220,220,0,169,0,0
221,221,0,170,0,0
222,222,0,171,0,0
223,223,0,172,0,0
224,224,0,173,0,0
225,225,0,174,1,0
226,226,0,175,0,0
227,227,0,176,1,0
228,228,0,177,0,0
229,229,0,178,0,0
230,230,0,179,0,0
231,231,0,180,0,0
232,232,0,181,0,0
233,233,0,182,0,0
234,234,0,183,0,0
235,235,0,184,0,0
236,236,0,185,0,0
237,237,0,186,1,0
238,238,0,187,1,0
239,239,0,188,0,0
240,240,0,189,0,0
241,241,0,190,0,0
242,242,0,191,0,0
243,243,0,192,0,0
244,244,0,193,0,0
245,245,0,194,1,0
246,246,0,195,0,0
247,247,0,196,1,0
248,248,0,197,1,0
249,249,0,198,1,0
250,250,0,199,0,0
251,251,0,200,0,0
252,252,0,201,0,0
253,253,0,202,0,0
254,254,0,203,0,0
255,255,0,204,0,0
256,256,0,205,0,0
257,257,0,206,1,0
258,258,0,207,1,0
259,259,0,208,0,0
260,260,0,209,0,0
261,261,0,210,0,0
262,262,0,211,0,0
263,263,0,212,0,0
264,264,0,213,0,0
265,265,0,214,1,0
266,266,0,215,0,0
267,267,0,216,1,0
268,268,0,217,0,0
269,269,0,218,0,0
270,270,0,219,0,0
271,271,0,220,0,0
272,272,0,221,0,0
273,273,0,222,0,0
274,274,0,223,0,0
275,275,0,224,0,0
276,276,0,225,0,0
277,277,0,226,1,0
278,278,0,227,1,0
279,279,0,228,0,0
280,280,0,229,0,0
281,281,0,230,0,0
282,282,0,231,0,0
283,283,0,232,0,0
284,284,0,233,0,0
285,285,0,234,1,0
286,286,0,235,1,0
287,287,0,236,1,0
288,288,0,237,0,0
289,289,0,238,0,0
290,290,0,239,0,0
291,291,0,240,0,0
292,292,0,241,0,0
293,293,0,242,0,0
294,294,0,243,0,0
295,295,0,244,0,0
296,296,0,245,0,0
297,297,0,246,1,0
298,298,0,247,1,0
299,299,0,248,0,0
300,300,0,249,0,0
301,301,0,250,0,0
302,302,0,251,0,0
303,303,0,252,0,0
304,304,0,253,0,0
305,305,0,254,1,0
306,306,0,255,0,0
307,307,0,256,0,0
308,308,0,257,1,0
309,309,0,258,1,0
310,310,0,259,0,0
311,311,0,260,0,0
312,312,0,261,0,0
313,313,0,262,0,0
314,314,0,263,0,0
315,315,0,264,0,0
316,316,0,265,0,0
317,317,0,266,1,0
318,318,0,267,1,0
319,319,0,268,0,0
320,320,0,269,0,0
321,321,0,270,0,0
322,322,0,271,0,0
323,323,0,272,0,0
324,324,0,273,0,0
325,325,0,274,1,0
326,326,0,275,0,0
327,327,0,276,0,0
328,328,0,277,1,0
329,329,0,278,1,0
330,330,0,279,0,0
331,331,0,280,0,0
332,332,0,281,0,0
333,333,0,282,0,0
334,334,0,283,0,0
335,335,0,284,0,0
336,336,0,285,0,0
337,337,0,286,1,0
338,338,0,287,1,0
339,339,0,288,0,0
340,340,0,289,0,0
341,341,0,290,0,0
342,342,0,291,0,0
343,343,0,292,0,0
344,344,0,293,0,0
345,345,0,294,1,0
346,346,0,295,0,0
347,347,0,296,1,0
348,348,0,297,1,0
349,349,0,298,1,0
350,350,0,299,0,0
351,351,0,300,0,0
352,352,0,301,0,0
353,353,0,302,0,0
354,354,0,303,0,0
355,355,0,304,0,0
356,356,0,305,0,0
357,357,0,306,1,0
358,358,0,307,1,0
359,359,0,308,0,0
360,360,0,309,0,0
361,361,0,310,0,0
362,362,0,311,0,0
363,363,0,312,0,0
364,364,0,313,0,0
365,365,0,314,1,0
366,366,0,315,0,0
367,367,0,316,1,0
368,368,0,317,1,0
369,369,0,318,1,0
370,370,0,319,0,0
371,371,0,320,0,0
372,372,0,321,0,0
373,373,0,322,0,0
374,374,0,323,0,0
375,375,0,324,0,0
376,376,0,325,0,0
377,377,0,326,1,0
378,378,0,327,1,0
379,379,0,328,0,0
380,380,0,329,0,0
381,381,0,330,0,0
382,382,0,331,0,0
383,383,0,332,0,0
384,384,0,333,0,0
385,385,0,334,1,0
386,386,0,335,1,0
387,387,0,336,1,0
388,388,0,337,0,0
389,389,0,338,0,0
390,390,0,339,0,0
391,391,0,340,0,0
392,392,0,341,0,0
393,393,0,342,0,0
394,394,0,343,0,0
395,395,0,344,0,0
396,396,0,345,0,0
397,397,0,346,1,0
398,398,0,347,1,0
399,399,0,348,0,0
400,400,0,349,0,0
401,401,0,350,0,0
402,402,0,351,0,0
403,403,0,352,0,0
404,404,0,353,0,0
405,405,0,354,1,0
406,406,0,355,0,0
407,407,0,356,1,0
408,408,0,357,0,0
409,409,0,358,1,0
410,410,0,359,0,0
411,411,0,360,0,0
412,412,0,361,0,0
413,413,0,362,0,0
414,414,0,363,0,0
415,415,0,364,0,0
416,416,0,365,0,0
417,417,0,366,1,0
418,418,0,367,1,0
419,419,0,368,0,0
420,420,0,369,0,0
421,421,0,370,0,0
422,422,0,371,0,0
423,423,0,372,0,0
424,424,0,373,0,0
425,425,0,374,1,0
426,426,0,375,0,0
427,427,0,376,0,0
428,428,0,377,1,0
429,429,0,378,0,0
430,430,0,379,0,0
431,431,0,380,0,0
432,432,0,381,0,0
433,433,0,382,0,0
434,434,0,383,0,0
435,435,0,384,0,0
436,436,0,385,0,0
437,437,0,386,1,0
438,438,0,387,1,0
439,439,0,388,0,0
440,440,0,389,0,0
441,441,0,390,0,0
442,442,0,391,0,0
443,443,0,392,0,0
444,444,0,393,0,0
445,445,0,394,1,0
446,446,0,395,0,0
447,447,0,396,1,0
448,448,0,397,1,0
449,449,0,398,0,0
450,450,0,399,0,0
451,451,0,400,0,0
452,452,0,401,0,0
453,453,0,402,0,0
454,454,0,403,0,0
455,455,0,404,0,0
456,456,0,405,0,0
457,457,0,406,1,0
458,458,0,407,1,0
459,459,0,408,0,0
460,460,0,409,0,0
461,461,0,410,0,0
462,462,0,411,0,0
463,463,0,412,0,0
464,464,0,413,0,0
465,465,0,414,1,0
466,466,0,415,0,0
467,467,0,416,1,0
468,468,0,417,0,0
469,469,0,418,0,0
470,470,0,419,0,0
471,471,0,420,0,0
472,472,0,421,0,0
473,473,0,422,0,0
474,474,0,423,0,0
475,475,0,424,0,0
476,476,0,425,0,0
477,477,0,426,1,0
478,478,0,427,1,0
479,479,0,428,0,0
480,480,0,429,0,0
481,481,0,430,0,0
482,482,0,431,0,0
483,483,0,432,0,0
484,484,0,433,0,0
485,485,0,434,1,0
486,486,0,435,0,0
487,487,0,436,1,0
488,488,0,437,0,0
489,489,0,438,0,0
490,490,0,439,0,0
491,491,0,440,0,0
492,492,0,441,0,0
493,493,0,442,0,0
494,494,0,443,0,0
495,495,0,444,0,0
496,496,0,445,0,0
497,497,0,446,1,0
498,498,0,447,1,0
499,499,0,448,0,0
500,500,0,449,0,0
501,501,0,450,0,0
502,502,0,451,0,0
503,503,0,452,0,0
504,504,0,453,0,0
505,505,0,454,1,0
506,506,0,455,0,0
507,507,0,456,1,0
508,508,0,457,0,0
509,509,0,458,0,0
510,510,0,459,0,0
511,511,0,460,0,0
512,512,0,461,0,0
513,513,0,462,0,0
514,514,0,463,0,0
515,515,0,464,0,0
516,516,0,465,0,0
517,517,0,466,1,0
518,518,0,467,1,0
519,519,0,468,0,0
520,520,0,469,0,0
521,521,0,470,0,0
522,522,0,471,0,0
523,523,0,472,0,0
524,524,0,473,0,0
525,525,0,474,1,0
526,526,0,475,0,0
527,527,0,476,1,0
528,528,0,477,0,0
529,529,0,478,0,0
530,530,0,479,0,0
531,531,0,480,0,0
532,532,0,481,0,0
533,533,0,482,0,0
534,534,0,483,0,0
535,535,0,484,0,0
536,536,0,485,0,0
537,537,0,486,1,0
538,538,0,487,1,0
539,539,0,488,0,0
540,540,0,489,0,0
541,541,0,490,0,0
542,542,0,491,0,0
543,543,0,492,0,0
544,544,0,493,0,0
545,545,0,494,1,0
546,546,0,495,0,0
547,547,0,496,1,0
548,548,0,497,1,0
549,549,0,498,0,0
550,550,0,499,0,0
551,551,0,500,0,0
552,552,0,501,0,0
553,553,0,502,0,0
554,554,0,503,0,0
555,555,0,504,0,0
556,556,0,505,0,0
557,557,0,506,1,0
558,558,0,507,1,0
559,559,0,508,0,0
560,560,0,509,0,0
561,561,0,510,0,0
562,562,0,511,0,0
563,563,0,512,0,0
564,564,0,513,0,0
565,565,0,514,1,0
566,566,0,515,1,0
567,567,0,516,1,0
568,568,0,517,1,0
569,569,0,518,1,0
570,570,0,519,0,0
571,571,0,520,0,0
572,572,0,521,0,0
573,573,0,522,0,0
574,574,0,523,0,0
575,575,0,524,0,0
576,576,0,525,0,0
577,577,0,526,1,0
578,578,0,527,1,0
579,579,0,528,0,0
580,580,0,529,0,0
581,581,0,530,0,0
582,582,0,531,0,0
583,583,0,532,0,0
584,584,0,533,0,0
585,585,0,534,1,0
586,586,0,535,0,0
587,587,0,536,1,0
588,588,0,537,1,0
589,589,0,538,1,0
590,590,0,539,0,0
591,591,0,540,0,0
592,592,0,541,0,0
593,593,0,542,0,0
594,594,0,543,0,0
595,595,0,544,0,0
596,596,0,545,0,0
597,597,0,546,1,0
598,598,0,547,1,0
599,599,0,548,0,0
600,600,0,549,0,0
601,601,0,550,0,0
602,602,0,551,0,0
603,603,0,552,0,0
604,604,0,553,0,0
605,605,0,554,1,0
606,606,0,555,0,0
607,607,0,556,1,0
608,608,0,557,0,0
609,609,0,558,0,0
610,610,0,559,0,0
611,611,0,560,0,0
612,612,0,561,0,0
613,613,0,562,0,0
614,614,0,563,0,0
615,615,0,564,0,0
616,616,0,565,0,0
617,617,0,566,1,0
618,618,0,567,1,0
619,619,0,568,0,0
620,620,0,569,0,0
621,621,0,570,0,0
622,622,0,571,0,0
623,623,0,572,0,0
624,624,0,573,0,0
625,625,0,574,1,0
626,626,0,575,0,0
627,627,0,576,1,0
628,628,0,577,0,0
629,629,0,578,0,0
630,630,0,579,0,0
631,631,0,580,0,0
632,632,0,581,0,0
633,633,0,582,0,0
634,634,0,583,0,0
635,635,0,584,0,0
636,636,0,585,0,0
637,637,0,586,1,0
638,638,0,587,1,0
639,639,0,588,0,0
640,640,0,589,0,0
641,641,0,590,0,0
642,642,0,591,0,0
643,643,0,592,0,0
644,644,0,593,0,0
645,645,0,594,1,0
646,646,0,595,0,0
647,647,0,596,1,0
648,648,0,597,1,0
649,649,0,598,0,0
650,650,0,599,0,0
651,651,0,600,0,0
652,652,0,601,0,0
653,653,0,602,0,0
654,654,0,603,0,0
655,655,0,604,0,0
656,656,0,605,0,0
657,657,0,606,1,0
658,658,0,607,1,0
659,659,0,608,0,0
660,660,0,609,0,0
661,661,0,610,0,0
662,662,0,611,0,0
663,663,0,612,0,0
664,664,0,613,0,0
665,665,0,614,1,0
666,666,0,615,0,0
667,667,0,616,1,0
668,668,0,617,0,0
669,669,0,618,1,0
670,670,0,619,0,0
671,671,0,620,0,0
672,672,0,621,0,0
673,673,0,622,0,0
674,674,0,623,0,0
675,675,0,624,0,0
676,676,0,625,0,0
677,677,0,626,1,0
678,678,0,627,1,0
679,679,0,628,0,0
680,680,0,629,0,0
681,681,0,630,0,0
682,682,0,631,0,0
683,683,0,632,0,0
684,684,0,633,0,0
685,685,0,634,1,0
686,686,0,635,1,0
687,687,0,636,1,0
688,688,0,637,0,0
689,689,0,638,0,0
690,690,0,639,1,0
691,691,0,640,1,0
692,692,0,641,1,0
693,693,0,642,1,0
694,694,0,643,1,0
695,695,0,644,0,0
696,696,0,645,1,0
697,697,0,646,1,0
698,698,0,647,0,0
699,699,0,648,1,0
700,700,0,649,0,0
701,701,0,650,0,0
702,702,0,651,1,0
703,703,0,652,0,0
704,704,0,653,0,0
705,705,0,654,0,0
706,706,0,655,0,0
707,707,0,656,0,0
708,708,0,657,1,0
709,709,0,658,0,0
710,710,0,659,0,0
711,711,0,660,0,0
712,712,0,661,1,0
713,713,0,662,0,0
714,714,0,663,0,0
715,715,0,664,0,0
716,716,0,665,0,0
717,717,0,666,0,0
718,718,0,667,1,0
719,719,0,668,0,0
720,720,0,669,0,0
721,721,0,670,0,0
722,722,0,671,1,0
723,723,0,672,0,0
724,724,0,673,0,0
725,725,0,674,0,0
726,726,0,675,0,0
727,727,0,676,0,0
728,728,0,677,1,0
729,729,0,678,0,0
730,730,0,679,0,0
731,731,0,680,0,0
732,732,0,681,1,0
733,733,0,682,0,0
734,734,0,683,0,0
735,735,0,684,0,0
736,736,0,685,0,0
737,737,0,686,0,0
738,738,0,687,1,0
739,739,0,688,0,0
740,740,0,689,0,0
741,741,0,690,0,0
742,742,0,691,1,0
743,743,0,692,0,0
744,744,0,693,0,0
745,745,0,694,0,0
746,746,0,695,0,0
747,747,0,696,0,0
748,748,0,697,1,0
749,749,0,698,0,0
750,750,0,699,0,0
751,751,0,700,0,0
752,752,0,701,1,0
753,753,0,702,0,0
754,754,0,703,0,0
755,755,0,704,0,0
756,756,0,705,0,0
757,757,0,706,0,0
758,758,0,707,1,0
759,759,0,708,0,0
760,760,0,709,0,0
761,761,0,710,0,0
762,762,0,711,1,0
763,763,0,712,0,0
764,764,0,713,0,0
765,765,0,714,0,0
766,766,0,715,0,0
767,767,0,716,0,0
768,768,0,717,1,0
769,769,0,718,0,0
770,770,0,719,0,0
771,771,0,720,0,0
772,772,0,721,1,0
773,773,0,722,0,0
774,774,0,723,0,0
775,775,0,724,0,0
776,776,0,725,0,0
777,777,0,726,0,0
778,778,0,727,1,0
779,779,0,728,0,0
780,780,0,729,0,0
781,781,0,730,0,0
782,782,0,731,1,0
783,783,0,732,0,0
784,784,0,733,0,0
785,785,0,734,0,0
786,786,0,735,0,0
787,787,0,736,0,0
788,788,0,737,1,0
789,789,0,738,0,0
790,790,0,739,0,0
791,791,0,740,0,0
792,792,0,741,1,0
793,793,0,742,0,0
794,794,0,743,0,0
795,795,0,744,0,0
796,796,0,745,0,0
797,797,0,746,0,0
798,798,0,747,1,0
799,799,0,748,0,0
800,800,0,749,0,0
801,801,0,750,0,0
802,802,0,751,1,0
803,803,0,752,0,0
804,804,0,753,0,0
805,805,0,754,0,0
806,806,0,755,0,0
807,807,0,756,0,0
808,808,0,757,1,0
809,809,0,758,0,0
810,810,0,759,0,0
811,811,0,760,0,0
812,812,0,761,1,0
813,813,0,762,0,0
814,814,0,763,0,0
815,815,0,764,0,0
816,816,0,765,0,0
817,817,0,766,0,0
818,818,0,767,1,0
819,819,0,768,0,0
820,820,0,769,0,0
821,821,0,770,0,0
822,822,0,771,1,0
823,823,0,772,0,0
824,824,0,773,0,0
825,825,0,774,0,0
826,826,0,775,0,0
827,827,0,776,0,0
828,828,0,777,1,0
829,829,0,778,0,0
830,830,0,779,0,0
831,831,0,780,0,0
832,832,0,781,1,0
833,833,0,782,0,0
834,834,0,783,0,0
835,835,0,784,0,0
836,836,0,785,0,0
837,837,0,786,0,0
838,838,0,787,1,0
839,839,0,788,0,0
840,840,0,789,0,0
841,841,0,790,0,0
842,842,0,791,1,0
843,843,0,792,0,0
844,844,0,793,0,0
845,845,0,794,0,0
846,846,0,795,0,0
847,847,0,796,0,0
848,848,0,797,1,0
849,849,0,798,0,0
850,850,0,799,0,0
851,851,0,800,0,0
852,852,0,801,1,0
853,853,0,802,0,0
854,854,0,803,0,0
855,855,0,804,0,0
856,856,0,805,0,0
857,857,0,806,0,0
858,858,0,807,1,0
859,859,0,808,0,0
860,860,0,809,0,0
861,861,0,810,0,0
862,862,0,811,1,0
863,863,0,812,0,0
864,864,0,813,0,0
865,865,0,814,0,0
866,866,0,815,0,0
867,867,0,816,0,0
868,868,0,817,1,0
869,869,0,818,0,0
870,870,0,819,0,0
871,871,0,820,0,0
872,872,0,821,1,0
873,873,0,822,0,0
874,874,0,823,0,0
875,875,0,824,0,0
876,876,0,825,0,0
877,877,0,826,0,0
878,878,0,827,1,0
879,879,0,828,0,0
880,880,0,829,0,0
881,881,0,830,0,0
882,882,0,831,1,0
883,883,0,832,0,0
884,884,0,833,0,0
885,885,0,834,0,0
886,886,0,835,0,0
887,887,0,836,0,0
888,888,0,837,1,0
889,889,0,838,0,0
890,890,0,839,0,0
891,891,0,840,0,0
892,892,0,841,1,0
893,893,0,842,0,0
894,894,0,843,0,0
895,895,0,844,0,0
896,896,0,845,0,0
897,897,0,846,0,0
898,898,0,847,1,0
899,899,0,848,0,0
900,900,0,849,0,0
901,901,0,850,0,0
902,902,0,851,1,0
903,903,0,852,0,0
904,904,0,853,0,0
905,905,0,854,0,0
906,906,0,855,0,0
907,907,0,856,0,0
908,908,0,857,1,0
909,909,0,858,0,0
910,910,0,859,0,0
911,911,0,860,0,0
912,912,0,861,1,0
913,913,0,862,0,0
914,914,0,863,0,0
915,915,0,864,0,0
916,916,0,865,0,0
917,917,0,866,0,0
918,918,0,867,1,0
919,919,0,868,0,0
920,920,0,869,0,0
921,921,0,870,0,0
922,922,0,871,1,0
923,923,0,872,0,0
924,924,0,873,0,0
925,925,0,874,0,0
926,926,0,875,0,0
927,927,0,876,0,0
928,928,0,877,1,0
929,929,0,878,0,0
930,930,0,879,0,0
931,931,0,880,0,0
932,932,0,881,1,0
933,933,0,882,0,0
934,934,0,883,0,0
935,935,0,884,0,0
936,936,0,885,0,0
937,937,0,886,0,0
938,938,0,887,1,0
939,939,0,888,0,0
940,940,0,889,0,0
941,941,0,890,0,0
942,942,0,891,1,0
943,943,0,892,0,0
944,944,0,893,0,0
945,945,0,894,0,0
946,946,0,895,0,0
947,947,0,896,0,0
948,948,0,897,1,0
949,949,0,898,0,0
950,950,0,899,0,0
951,951,0,900,0,0
952,952,0,901,1,0
953,953,0,902,0,0
954,954,0,903,0,0
955,955,0,904,0,0
956,956,0,905,0,0
957,957,0,906,0,0
958,958,0,907,1,0
959,959,0,908,0,0
960,960,0,909,0,0
961,961,0,910,0,0
962,962,0,911,1,0
963,963,0,912,0,0
964,964,0,913,0,0
965,965,0,914,0,0
966,966,0,915,0,0
967,967,0,916,0,0
968,968,0,917,1,0
969,969,0,918,0,0
970,970,0,919,0,0
971,971,0,920,0,0
972,972,0,921,1,0
973,973,0,922,0,0
974,974,0,923,0,0
975,975,0,924,0,0
976,976,0,925,0,0
977,977,0,926,0,0
978,978,0,927,1,0
979,979,0,928,0,0
980,980,0,929,0,0
981,981,0,930,0,0
982,982,0,931,1,0
983,983,0,932,0,0
984,984,0,933,0,0
985,985,0,934,0,0
986,986,0,935,0,0
987,987,0,936,0,0
988,988,0,937,1,0
989,989,0,938,0,0
990,990,0,939,0,0
991,991,0,940,0,0
992,992,0,941,1,0
993,993,0,942,0,0
994,994,0,943,0,0
995,995,0,944,0,0
996,996,0,945,0,0
997,997,0,946,0,0
998,998,0,947,1,0
999,999,0,948,0,0
1000,1000,0,949,0,0
1001,1001,0,950,0,0
1002,1002,0,951,1,0
1003,1003,0,952,0,0
1004,1004,0,953,0,0
1005,1005,0,954,0,0
1006,1006,0,955,0,0
1007,1007,0,956,0,0
1008,1008,0,957,1,0
1009,1009,0,958,0,0
1010,1010,0,959,0,1
1011,1011,0,959,0,1
1012,1012,0,959,0,1
1013,1013,0,959,0,1
1014,1014,0,959,0,1
1015,1015,0,959,0,1
1016,1016,0,959,0,1
1017,1017,0,959,0,1
1018,1018,0,959,0,1
1019,1019,0,959,0,1
1020,1020,0,959,0,1
1021,1021,0,959,0,1
1022,1022,0,959,0,1
1023,1023,0,959,0,1
1024,1024,0,959,0,1
1025,1025,0,959,0,1
1026,1026,0,959,0,1
1027,1027,0,959,0,1
1028,1028,0,959,0,1
1029,1029,0,959,0,1
1030,1030,0,959,0,1
1031,1031,0,959,0,1
1032,1032,0,959,0,1
1033,1033,0,959,0,1
1034,1034,0,959,0,1
1035,1035,0,959,0,1
1036,1036,0,959,0,1
1037,1037,0,959,0,1
1038,1038,0,959,0,1
1039,1039,0,959,0,1
1040,1040,0,959,0,1
1041,1041,0,959,0,1
1042,1042,0,959,0,1
1043,1043,0,959,0,1
1044,1044,0,959,0,1
1045,1045,0,959,0,1
1046,1046,0,959,0,1
1047,1047,0,959,0,1
1048,1048,0,959,0,1
1049,1049,0,959,0,1
1050,1050,0,959,0,1
1051,1051,0,959,0,1
1052,1052,0,959,0,1
1053,1053,0,959,0,1
1054,1054,0,959,0,1
1055,1055,0,959,0,1
1056,1056,0,959,0,1
1057,1057,0,959,0,1
1058,1058,0,959,0,1
1059,1059,0,959,0,1
1060,1060,0,959,0,1
1061,1061,0,959,0,1
1062,1062,0,959,0,1
1063,1063,0,959,0,1
1064,1064,0,959,0,1
1065,1065,0,959,0,1
1066,1066,0,959,0,1
1067,1067,0,959,0,1
1068,1068,0,959,0,1
1069,1069,0,959,0,1
1070,1070,0,959,0,1
1071,1071,0,959,0,1
1072,1072,0,959,0,1
1073,1073,0,959,0,1
1074,1074,0,959,0,1
1075,1075,0,959,0,1
1076,1076,0,959,0,1
1077,1077,0,959,0,1
1078,1078,0,959,0,1
1079,1079,0,959,0,1
1080,1080,0,959,0,1
1081,1081,0,959,0,1
1082,1082,0,959,0,1
1083,1083,0,959,0,1
1084,1084,0,959,0,1
1085,1085,0,959,0,1
1086,1086,0,959,0,1
1087,1087,0,959,0,1
1088,1088,0,959,0,1
1089,1089,0,959,0,1
1090,1090,0,959,0,1
1091,1091,0,959,0,1
1092,1092,0,959,0,1
1093,1093,0,959,0,1
1094,1094,0,959,0,1
1095,1095,0,959,0,1
1096,1096,0,959,0,1
1097,1097,0,959,0,1
1098,1098,0,959,0,1
1099,1099,0,959,0,1
1100,1100,0,959,0,1
1101,1101,0,959,0,1
1102,1102,0,959,0,1
1103,1103,0,959,0,1
1104,1104,0,959,0,1
1105,1105,0,959,0,1
1106,1106,0,959,0,1
1107,1107,0,959,0,1
1108,1108,0,959,0,1
1109,1109,0,959,0,1
1110,1110,0,959,0,1
1111,1111,0,959,0,1
1112,1112,0,959,0,1
1113,1113,0,959,0,1
1114,1114,0,959,0,1
1115,1115,0,959,0,1
1116,1116,0,959,0,1
1117,1117,0,959,0,1
1118,1118,0,959,0,1
1119,1119,0,959,0,1
1120,1120,0,959,0,1
1121,1121,0,959,0,1
1122,1122,0,959,0,1
1123,1123,0,959,0,1
1124,1124,0,959,0,1
1125,1125,0,959,0,1
1126,1126,0,959,0,1
1127,1127,0,959,0,1
1128,1128,0,959,0,1
1129,1129,0,959,0,1
1130,1130,0,959,0,1
1131,1131,0,959,0,1
1132,1132,0,959,0,1
1133,1133,0,959,0,1
1134,1134,0,959,0,1
1135,1135,0,959,0,1
1136,1136,0,959,0,1
1137,1137,0,959,0,1
1138,1138,0,959,0,1
1139,1139,0,959,0,1
1140,1140,0,959,0,1
1141,1141,0,959,0,1
1142,1142,0,959,0,1
1143,1143,0,959,0,1
1144,1144,0,959,0,1
1145,1145,0,959,0,1
1146,1146,0,959,0,1
1147,1147,0,959,0,1
1148,1148,0,959,0,1
1149,1149,0,959,0,1
1150,1150,0,959,0,1
1151,1151,0,959,0,1
1152,1152,0,959,0,1
1153,1153,0,959,0,1
1154,1154,0,959,0,1
1155,1155,0,959,0,1
1156,1156,0,959,0,1
1157,1157,0,959,0,1
1158,1158,0,959,0,1
1159,1159,0,959,0,1
1160,1160,0,959,0,1
1161,1161,0,959,0,1
1162,1162,0,959,0,1
1163,1163,0,959,0,1
1164,1164,0,959,0,1
1165,1165,0,959,0,1
1166,1166,0,959,0,1
1167,1167,0,959,0,1
1168,1168,0,959,0,1
1169,1169,0,959,0,1
1170,1170,0,959,0,1
1171,1171,0,959,0,1
1172,1172,0,959,0,1
1173,1173,0,959,0,1
1174,1174,0,959,0,1
1175,1175,0,959,0,1
1176,1176,0,959,0,1
1177,1177,0,959,0,1
1178,1178,0,959,0,1
1179,1179,0,959,0,1
1180,1180,0,959,0,1
1181,1181,0,959,0,1
1182,1182,0,959,0,1
1183,1183,0,959,0,1
1184,1184,0,959,0,1
1185,1185,0,959,0,1
1186,1186,0,959,0,1
1187,1187,0,959,0,1
1188,1188,0,959,0,1
1189,1189,0,959,0,1
1190,1190,0,959,0,1
1191,1191,0,959,0,1
1192,1192,0,959,0,1
1193,1193,0,959,0,1
1194,1194,0,959,0,1
1195,1195,0,959,0,1
1196,1196,0,959,0,1
1197,1197,0,959,0,1
1198,1198,0,959,0,1
1199,1199,0,959,0,1
1200,1200,0,959,0,1
1201,1201,0,959,0,1
1202,1202,0,959,0,1
1203,1203,0,959,0,1
1204,1204,0,959,0,1
1205,1205,0,959,0,1
1206,1206,0,959,0,1
1207,1207,0,959,0,1
1208,1208,0,959,0,1
1209,1209,0,959,0,1
1210,1210,0,959,0,1
1211,1211,0,959,0,1
1212,1212,0,959,0,1
1213,1213,0,959,0,1
1214,1214,0,959,0,1
1215,1215,0,959,0,1
1216,1216,0,959,0,1
1217,1217,0,959,0,1
1218,1218,0,959,0,1
1219,1219,0,959,0,1
1220,1220,0,959,0,1
1221,1221,0,959,0,1
1222,1222,0,959,0,1
1223,1223,0,959,0,1
1224,1224,0,959,0,1
1225,1225,0,959,0,1
1226,1226,0,959,0,1
1227,1227,0,959,0,1
1228,1228,0,959,0,1
1229,1229,0,959,0,1
1230,1230,0,959,0,1
1231,1231,0,959,0,1
1232,1232,0,959,0,1
1233,1233,0,959,0,1
1234,1234,0,959,0,1
1235,1235,0,959,0,1
1236,1236,0,959,0,1
1237,1237,0,959,0,1
1238,1238,0,959,0,1
1239,1239,0,959,0,1
1240,1240,0,959,0,1
1241,1241,0,959,0,1
1242,1242,0,959,0,1
1243,1243,0,959,0,1
1244,1244,0,959,0,1
1245,1245,0,959,0,1
1246,1246,0,959,0,1
1247,1247,0,959,0,1
1248,1248,0,959,0,1
1249,1249,0,959,0,1
1250,1250,0,959,0,1
1251,1251,0,959,0,1
1252,1252,0,959,0,1
1253,1253,0,959,0,1
1254,1254,0,959,0,1
1255,1255,0,959,0,1
1256,1256,0,959,0,1
1257,1257,0,959,0,1
1258,1258,0,959,0,1
1259,1259,0,959,0,1
1260,1260,0,959,0,1
1261,1261,0,959,0,1
1262,1262,0,959,0,1
1263,1263,0,959,0,1
1264,1264,0,959,0,1
1265,1265,0,959,0,1
1266,1266,0,959,0,1
1267,1267,0,959,0,1
1268,1268,0,959,0,1
1269,1269,0,959,0,1
1270,1270,0,959,0,1
1271,1271,0,959,0,1
1272,1272,0,959,0,1
1273,1273,0,959,0,1
1274,1274,0,959,0,1
1275,1275,0,959,0,1
1276,1276,0,959,0,1
1277,1277,0,959,0,1
1278,1278,0,959,0,1
1279,1279,0,959,0,1
1280,1280,0,959,0,1
1281,1281,0,959,0,1
1282,1282,0,959,0,1
1283,1283,0,959,0,1
1284,1284,0,959,0,1
1285,1285,0,959,0,1
1286,1286,0,959,0,1
1287,1287,0,959,0,1
1288,1288,0,959,0,1
1289,1289,0,959,0,1
1290,1290,0,959,0,1
1291,1291,0,959,0,1
1292,1292,0,959,0,1
1293,1293,0,959,0,1
1294,1294,0,959,0,1
1295,1295,0,959,0,1
1296,1296,0,959,0,1
1297,1297,0,959,0,1
1298,1298,0,959,0,1
1299,1299,0,959,0,1
1300,1300,0,959,0,1
1301,1301,0,959,0,1
1302,1302,0,959,0,1
1303,1303,0,959,0,1
1304,1304,0,959,0,1
1305,1305,0,959,0,1
1306,1306,0,959,0,1
1307,1307,0,959,0,1
1308,1308,0,959,0,1
1309,1309,0,959,0,1
1310,1310,0,959,0,1
1311,1311,0,959,0,1
1312,1312,0,959,0,1
1313,1313,0,959,0,1
1314,1314,0,959,0,1
1315,1315,0,959,0,1
1316,1316,0,959,0,1
1317,1317,0,959,0,1
1318,1318,0,959,0,1
1319,1319,0,959,0,1
1320,1320,0,959,0,1
1321,1321,0,959,0,1
1322,1322,0,959,0,1
1323,1323,0,959,0,1
1324,1324,0,959,0,1
1325,1325,0,959,0,1
1326,1326,0,959,0,1
1327,1327,0,959,0,1
1328,1328,0,959,0,1
1329,1329,0,959,0,1
1330,1330,0,959,0,1
1331,1331,0,959,0,1
1332,1332,0,959,0,1
1333,1333,0,959,0,1
1334,1334,0,959,0,1
1335,1335,0,959,0,1
1336,1336,0,959,0,1
1337,1337,0,959,0,1
1338,1338,0,959,0,1
1339,1339,0,959,0,1
1340,1340,0,959,0,1
1341,1341,0,959,0,1
1342,1342,0,959,0,1
1343,1343,0,959,0,1
1344,1344,0,959,0,1
1345,1345,0,959,0,1
1346,1346,0,959,0,1
1347,1347,0,959,0,1
1348,1348,0,959,0,1
1349,1349,0,959,0,1
1350,1350,0,959,0,1
1351,1351,0,959,0,1
1352,1352,0,959,0,1
1353,1353,0,959,0,1
1354,1354,0,959,0,1
1355,1355,0,959,0,1
1356,1356,0,959,0,1
1357,1357,0,959,0,1
1358,1358,0,959,0,1
1359,1359,0,959,0,1
1360,1360,0,959,0,1
1361,1361,0,959,0,1
1362,1362,0,959,0,1
1363,1363,0,959,0,1
1364,1364,0,959,0,1
1365,1365,0,959,0,1
1366,1366,0,959,0,1
1367,1367,0,959,0,1
1368,1368,0,959,0,1
1369,1369,0,959,0,1
1370,1370,0,959,0,1
1371,1371,0,959,0,1
1372,1372,0,959,0,1
1373,1373,0,959,0,1
1374,1374,0,959,0,1
1375,1375,0,959,0,1
1376,1376,0,959,0,1
1377,1377,0,959,0,1
1378,1378,0,959,0,1
1379,1379,0,959,0,1
1380,1380,0,959,0,1
1381,1381,0,959,0,1
1382,1382,0,959,0,1
1383,1383,0,959,0,1
1384,1384,0,959,0,1
1385,1385,0,959,0,1
1386,1386,0,959,0,1
1387,1387,0,959,0,1
1388,1388,0,959,0,1
1389,1389,0,959,0,1
1390,1390,0,959,0,1
1391,1391,0,959,0,1
1392,1392,0,959,0,1
1393,1393,0,959,0,1
1394,1394,0,959,0,1
1395,1395,0,959,0,1
1396,1396,0,959,0,1
1397,1397,0,959,0,1
1398,1398,0,959,0,1
1399,1399,0,959,0,1
1400,1400,0,959,0,1
1401,1401,0,959,0,1
1402,1402,0,959,0,1
1403,1403,0,959,0,1
1404,1404,0,959,0,1
1405,1405,0,959,0,1
1406,1406,0,959,0,1
1407,1407,0,959,0,1
1408,1408,0,959,0,1
1409,1409,0,959,0,1
1410,1410,0,959,0,1
1411,1411,0,959,0,1
1412,1412,0,959,0,1
1413,1413,0,959,0,1
1414,1414,0,959,0,1
1415,1415,0,959,0,1
1416,1416,0,959,0,1
1417,1417,0,959,0,1
1418,1418,0,959,0,1
1419,1419,0,959,0,1
1420,1420,0,959,0,1
1421,1421,0,959,0,1
1422,1422,0,959,0,1
1423,1423,0,959,0,1
1424,1424,0,959,0,1
1425,1425,0,959,0,1
1426,1426,0,959,0,1
1427,1427,0,959,0,1
1428,1428,0,959,0,1
1429,1429,0,959,0,1
1430,1430,0,959,0,1
1431,1431,0,959,0,1
1432,1432,0,959,0,1
1433,1433,0,959,0,1
1434,1434,0,959,0,1
1435,1435,0,959,0,1
1436,1436,0,959,0,1
1437,1437,0,959,0,1
1438,1438,0,959,0,1
1439,1439,0,959,0,1
1440,1440,0,959,0,1
1441,1441,0,959,0,1
1442,1442,0,959,0,1
1443,1443,0,959,0,1
1444,1444,0,959,0,1
1445,1445,0,959,0,1
1446,1446,0,959,0,1
1447,1447,0,959,0,1
1448,1448,0,959,0,1
1449,1449,0,959,0,1
1450,1450,0,959,0,1
1451,1451,0,959,0,1
1452,1452,0,959,0,1
1453,1453,0,959,0,1
1454,1454,0,959,0,1
1455,1455,0,959,0,1
1456,1456,0,959,0,1
1457,1457,0,959,0,1
1458,1458,0,959,0,1
1459,1459,0,959,0,1
1460,1460,0,959,0,1
1461,1461,0,959,0,1
1462,1462,0,959,0,1
1463,1463,0,959,0,1
1464,1464,0,959,0,1
1465,1465,0,959,0,1
1466,1466,0,959,0,1
1467,1467,0,959,0,1
1468,1468,0,959,0,1
1469,1469,0,959,0,1
1470,1470,0,959,0,1
1471,1471,0,959,0,1
1472,1472,0,959,0,1
1473,1473,0,959,0,1
1474,1474,0,959,0,1
1475,1475,0,959,0,1
1476,1476,0,959,0,1
1477,1477,0,959,0,1
1478,1478,0,959,0,1
1479,1479,0,959,0,1
1480,1480,0,959,0,1
1481,1481,0,959,0,1
1482,1482,0,959,0,1
1483,1483,0,959,0,1
1484,1484,0,959,0,1
1485,1485,0,959,0,1
1486,1486,0,959,0,1
1487,1487,0,959,0,1
1488,1488,0,959,0,1
1489,1489,0,959,0,1
1490,1490,0,959,0,1
1491,1491,0,959,0,1
1492,1492,0,959,0,1
1493,1493,0,959,0,1
1494,1494,0,959,0,1
1495,1495,0,959,0,1
1496,1496,0,959,0,1
1497,1497,0,959,0,1
1498,1498,0,959,0,1
1499,1499,0,959,0,1
1500,1500,0,959,0,1
1501,1501,0,959,0,1
1502,1502,0,959,0,1
1503,1503,0,959,0,1
1504,1504,0,959,0,1
1505,1505,0,959,0,1
1506,1506,0,959,0,1
1507,1507,0,959,0,1
1508,1508,0,959,0,1
1509,1509,0,959,0,1
1510,1510,0,959,0,1
1511,1511,0,959,0,1
1512,1512,0,959,0,1
1513,1513,0,959,0,1
1514,1514,0,959,0,1
1515,1515,0,959,0,1
1516,1516,0,959,0,1
1517,1517,0,959,0,1
1518,1518,0,959,0,1
1519,1519,0,959,0,1
1520,1520,0,959,0,1
1521,1521,0,959,0,1
1522,1522,0,959,0,1
1523,1523,0,959,0,1
1524,1524,0,959,0,1
1525,1525,0,959,0,1
1526,1526,0,959,0,1
1527,1527,0,959,0,1
1528,1528,0,959,0,1
1529,1529,0,959,0,1
1530,1530,0,959,0,1
1531,1531,0,959,0,1
1532,1532,0,959,0,1
1533,1533,0,959,0,1
1534,1534,0,959,0,1
1535,1535,0,959,0,1
1536,1536,0,959,0,1
1537,1537,0,959,0,1
1538,1538,0,959,0,1
1539,1539,0,959,0,1
1540,1540,0,959,0,1
1541,1541,0,959,0,1
1542,1542,0,959,0,1
1543,1543,0,959,0,1
1544,1544,0,959,0,1
1545,1545,0,959,0,1
1546,1546,0,959,0,1
1547,1547,0,959,0,1
1548,1548,0,959,0,1
1549,1549,0,959,0,1
1550,1550,0,959,0,1
1551,1551,0,959,0,1
1552,1552,0,959,0,1
1553,1553,0,959,0,1
1554,1554,0,959,0,1
1555,1555,0,959,0,1
1556,1556,0,959,0,1
1557,1557,0,959,0,1
1558,1558,0,959,0,1
1559,1559,0,959,0,1
1560,1560,0,959,0,1
1561,1561,0,959,0,1
1562,1562,0,959,0,1
1563,1563,0,959,0,1
1564,1564,0,959,0,1
1565,1565,0,959,0,1
1566,1566,0,959,0,1
1567,1567,0,959,0,1
1568,1568,0,959,0,1
1569,1569,0,959,0,1
1570,1570,0,959,0,1
1571,1571,0,959,0,1
1572,1572,0,959,0,1
1573,1573,0,959,0,1
1574,1574,0,959,0,1
1575,1575,0,959,0,1
1576,1576,0,959,0,1
1577,1577,0,959,0,1
1578,1578,0,959,0,1
1579,1579,0,959,0,1
1580,1580,0,959,0,1
1581,1581,0,959,0,1
1582,1582,0,959,0,1
1583,1583,0,959,0,1
1584,1584,0,959,0,1
1585,1585,0,959,0,1
1586,1586,0,959,0,1
1587,1587,0,959,0,1
1588,1588,0,959,0,1
1589,1589,0,959,0,1
1590,1590,0,959,0,1
1591,1591,0,959,0,1
1592,1592,0,959,0,1
1593,1593,0,959,0,1
1594,1594,0,959,0,1
1595,1595,0,959,0,1
1596,1596,0,959,0,1
1597,1597,0,959,0,1
1598,1598,0,959,0,1
1599,1599,0,959,0,1
1600,1600,0,959,0,1
1601,1601,0,959,0,1
1602,1602,0,959,0,1
1603,1603,0,959,0,1
1604,1604,0,959,0,1
1605,1605,0,959,0,1
1606,1606,0,959,0,1
1607,1607,0,959,0,1
1608,1608,0,959,0,1
1609,1609,0,959,0,1
1610,1610,0,959,0,1
1611,1611,0,959,0,1
1612,1612,0,959,0,1
1613,1613,0,959,0,1
1614,1614,0,959,0,1
1615,1615,0,959,0,1
1616,1616,0,959,0,1
1617,1617,0,959,0,1
1618,1618,0,959,0,1
1619,1619,0,959,0,1
1620,1620,0,959,0,1
1621,1621,0,959,0,1
1622,1622,0,959,0,1
1623,1623,0,959,0,1
1624,1624,0,959,0,1
1625,1625,0,959,0,1
1626,1626,0,959,0,1
1627,1627,0,959,0,1
1628,1628,0,959,0,1
1629,1629,0,959,0,1
1630,1630,0,959,0,1
1631,1631,0,959,0,1
1632,1632,0,959,0,1
1633,1633,0,959,0,1
1634,1634,0,959,0,1
1635,1635,0,959,0,1
1636,1636,0,959,0,1
1637,1637,0,959,0,1
1638,1638,0,959,0,1
1639,1639,0,959,0,1
1640,1640,0,959,0,1
1641,1641,0,959,0,1
1642,1642,0,959,0,1
1643,1643,0,959,0,1
1644,1644,0,959,0,1
1645,1645,0,959,0,1
1646,1646,0,959,0,1
1647,1647,0,959,0,1
1648,1648,0,959,0,1
1649,1649,0,959,0,1
1650,1650,0,959,0,1
1651,1651,0,959,0,1
1652,1652,0,959,0,1
1653,1653,0,959,0,1
1654,1654,0,959,0,1
1655,1655,0,959,0,1
1656,1656,0,959,0,1
1657,1657,0,959,0,1
1658,1658,0,959,0,1
1659,1659,0,959,0,1
1660,1660,0,959,0,1
1661,1661,0,959,0,1
1662,1662,0,959,0,1
1663,1663,0,959,0,1
1664,1664,0,959,0,1
1665,1665,0,959,0,1
1666,1666,0,959,0,1
1667,1667,0,959,0,1
1668,1668,0,959,0,1
1669,1669,0,959,0,1
1670,1670,0,959,0,1
1671,1671,0,959,0,1
1672,1672,0,959,0,1
1673,1673,0,959,0,1
1674,1674,0,959,0,1
1675,1675,0,959,0,1
1676,1676,0,959,0,1
1677,1677,0,959,0,1
1678,1678,0,959,0,1
1679,1679,0,959,0,1
1680,1680,0,959,0,1
1681,1681,0,959,0,1
1682,1682,0,959,0,1
1683,1683,0,959,0,1
1684,1684,0,959,0,1
1685,1685,0,959,0,1
1686,1686,0,959,0,1
1687,1687,0,959,0,1
1688,1688,0,959,0,1
1689,1689,0,959,0,1
1690,1690,0,959,0,1
1691,1691,0,959,0,1
1692,1692,0,959,0,1
1693,1693,0,959,0,1
1694,1694,0,959,0,1
1695,1695,0,959,0,1
1696,1696,0,959,0,1
1697,1697,0,959,0,1
1698,1698,0,959,0,1
1699,1699,0,959,0,1
1700,1700,0,959,0,1
1701,1701,0,959,0,1
1702,1702,0,959,0,1
1703,1703,0,959,0,1
1704,1704,0,959,0,1
1705,1705,0,959,0,1
1706,1706,0,959,0,1
1707,1707,0,959,0,1
1708,1708,0,959,0,1
1709,1709,0,959,0,1
1710,1710,0,959,0,1
1711,1711,0,959,0,1
1712,1712,0,959,0,1
1713,1713,0,959,0,1
1714,1714,0,959,0,1
1715,1715,0,959,0,1
1716,1716,0,959,0,1
1717,1717,0,959,0,1
1718,1718,0,959,0,1
1719,1719,0,959,0,1
1720,1720,0,959,0,1
1721,1721,0,959,0,1
1722,1722,0,959,0,1
1723,1723,0,959,0,1
1724,1724,0,959,0,1
1725,1725,0,959,0,1
1726,1726,0,959,0,1
1727,1727,0,959,0,1
1728,1728,0,959,0,1
1729,1729,0,959,0,1
1730,1730,0,959,0,1
1731,1731,0,959,0,1
1732,1732,0,959,0,1
1733,1733,0,959,0,1
1734,1734,0,959,0,1
1735,1735,0,959,0,1
1736,1736,0,959,0,1
1737,1737,0,959,0,1
1738,1738,0,959,0,1
1739,1739,0,959,0,1
1740,1740,0,959,0,1
1741,1741,0,959,0,1
1742,1742,0,959,0,1
1743,1743,0,959,0,1
1744,1744,0,959,0,1
1745,1745,0,959,0,1
1746,1746,0,959,0,1
1747,1747,0,959,0,1
1748,1748,0,959,0,1
1749,1749,0,959,0,1
1750,1750,0,959,0,1
1751,1751,0,959,0,1
1752,1752,0,959,0,1
1753,1753,0,959,0,1
1754,1754,0,959,0,1
1755,1755,0,959,0,1
1756,1756,0,959,0,1
1757,1757,0,959,0,1
1758,1758,0,959,0,1
1759,1759,0,959,0,1
1760,1760,0,959,0,1
1761,1761,0,959,0,1
1762,1762,0,959,0,1
1763,1763,0,959,0,1
1764,1764,0,959,0,1
1765,1765,0,959,0,1
1766,1766,0,959,0,1
1767,1767,0,959,0,1
1768,1768,0,959,0,1
1769,1769,0,959,0,1
1770,1770,0,959,0,1
1771,1771,0,959,0,1
1772,1772,0,959,0,1
1773,1773,0,959,0,1
1774,1774,0,959,0,1
1775,1775,0,959,0,1
1776,1776,0,959,0,1
1777,1777,0,959,0,1
1778,1778,0,959,0,1
1779,1779,0,959,0,1
1780,1780,0,959,0,1
1781,1781,0,959,0,1
1782,1782,0,959,0,1
1783,1783,0,959,0,1
1784,1784,0,959,0,1
1785,1785,0,959,0,1
1786,1786,0,959,0,1
1787,1787,0,959,0,1
1788,1788,0,959,0,1
1789,1789,0,959,0,1
1790,1790,0,959,0,1
1791,1791,0,959,0,1
1792,1792,0,959,0,1
1793,1793,0,959,0,1
1794,1794,0,959,0,1
1795,1795,0,959,0,1
1796,1796,0,959,0,1
1797,1797,0,959,0,1
1798,1798,0,959,0,1
1799,1799,0,959,0,1
1800,1800,0,959,0,1
1801,1801,0,959,0,1
1802,1802,0,959,0,1
1803,1803,0,959,0,1
1804,1804,0,959,0,1
1805,1805,0,959,0,1
1806,1806,0,959,0,1
1807,1807,0,959,0,1
1808,1808,0,959,0,1
1809,1809,0,959,0,1
1810,1810,0,959,0,1
1811,1811,0,959,0,1
1812,1812,0,959,0,1
1813,1813,0,959,0,1
1814,1814,0,959,0,1
1815,1815,0,959,0,1
1816,1816,0,959,0,1
1817,1817,0,959,0,1
1818,1818,0,959,0,1
1819,1819,0,959,0,1
1820,1820,0,959,0,1
1821,1821,0,959,0,1
1822,1822,0,959,0,1
1823,1823,0,959,0,1
1824,1824,0,959,0,1
1825,1825,0,959,0,1
1826,1826,0,959,0,1
1827,1827,0,959,0,1
1828,1828,0,959,0,1
1829,1829,0,959,0,1
1830,1830,0,959,0,1
1831,1831,0,959,0,1
1832,1832,0,959,0,1
1833,1833,0,959,0,1
1834,1834,0,959,0,1
1835,1835,0,959,0,1
1836,1836,0,959,0,1
1837,1837,0,959,0,1
1838,1838,0,959,0,1
1839,1839,0,959,0,1
1840,1840,0,959,0,1
1841,1841,0,959,0,1
1842,1842,0,959,0,1
1843,1843,0,959,0,1
1844,1844,0,959,0,1
1845,1845,0,959,0,1
1846,1846,0,959,0,1
1847,1847,0,959,0,1
1848,1848,0,959,0,1
1849,1849,0,959,0,1
1850,1850,0,959,0,1
1851,1851,0,959,0,1
1852,1852,0,959,0,1
1853,1853,0,959,0,1
1854,1854,0,959,0,1
1855,1855,0,959,0,1
1856,1856,0,959,0,1
1857,1857,0,959,0,1
1858,1858,0,959,0,1
1859,1859,0,959,0,1
1860,1860,0,959,0,1
1861,1861,0,959,0,1
1862,1862,0,959,0,1
1863,1863,0,959,0,1
1864,1864,0,959,0,1
1865,1865,0,959,0,1
1866,1866,0,959,0,1
1867,1867,0,959,0,1
1868,1868,0,959,0,1
1869,1869,0,959,0,1
1870,1870,0,959,0,1
1871,1871,0,959,0,1
1872,1872,0,959,0,1
1873,1873,0,959,0,1
1874,1874,0,959,0,1
1875,1875,0,959,0,1
1876,1876,0,959,0,1
1877,1877,0,959,0,1
1878,1878,0,959,0,1
1879,1879,0,959,0,1
1880,1880,0,959,0,1
1881,1881,0,959,0,1
1882,1882,0,959,0,1
1883,1883,0,959,0,1
1884,1884,0,959,0,1
1885,1885,0,959,0,1
1886,1886,0,959,0,1
1887,1887,0,959,0,1
1888,1888,0,959,0,1
1889,1889,0,959,0,1
1890,1890,0,959,0,1
1891,1891,0,959,0,1
1892,1892,0,959,0,1
1893,1893,0,959,0,1
1894,1894,0,959,0,1
1895,1895,0,959,0,1
1896,1896,0,959,0,1
1897,1897,0,959,0,1
1898,1898,0,959,0,1
1899,1899,0,959,0,1
1900,1900,0,959,0,1
1901,1901,0,959,0,1
1902,1902,0,959,0,1
1903,1903,0,959,0,1
1904,1904,0,959,0,1
1905,1905,0,959,0,1
1906,1906,0,959,0,1
1907,1907,0,959,0,1
1908,1908,0,959,0,1
1909,1909,0,959,0,1
1910,1910,0,959,0,1
1911,1911,0,959,0,1
1912,1912,0,959,0,1
1913,1913,0,959,0,1
1914,1914,0,959,0,1
1915,1915,0,959,0,1
1916,1916,0,959,0,1
1917,1917,0,959,0,1
1918,1918,0,959,0,1
1919,1919,0,959,0,1
1920,1920,0,959,0,1
1921,1921,0,959,0,1
1922,1922,0,959,0,1
1923,1923,0,959,0,1
1924,1924,0,959,0,1
1925,1925,0,959,0,1
1926,1926,0,959,0,1
1927,1927,0,959,0,1
1928,1928,0,959,0,1
1929,1929,0,959,0,1
1930,1930,0,959,0,1
1931,1931,0,959,0,1
1932,1932,0,959,0,1
1933,1933,0,959,0,1
1934,1934,0,959,0,1
1935,1935,0,959,0,1
1936,1936,0,959,0,1
1937,1937,0,959,0,1
1938,1938,0,959,0,1
1939,1939,0,959,0,1
1940,1940,0,959,0,1
1941,1941,0,959,0,1
1942,1942,0,959,0,1
1943,1943,0,959,0,1
1944,1944,0,959,0,1
1945,1945,0,959,0,1
1946,1946,0,959,0,1
1947,1947,0,959,0,1
1948,1948,0,959,0,1
1949,1949,0,959,0,1
1950,1950,0,959,0,1
1951,1951,0,959,0,1
1952,1952,0,959,0,1
1953,1953,0,959,0,1
1954,1954,0,959,0,1
1955,1955,0,959,0,1
1956,1956,0,959,0,1
1957,1957,0,959,0,1
1958,1958,0,959,0,1
1959,1959,0,959,0,1
1960,1960,0,959,0,1
1961,1961,0,959,0,1
1962,1962,0,959,0,1
1963,1963,0,959,0,1
1964,1964,0,959,0,1
1965,1965,0,959,0,1
1966,1966,0,959,0,1
1967,1967,0,959,0,1
1968,1968,0,959,0,1
1969,1969,0,959,0,1
1970,1970,0,959,0,1
1971,1971,0,959,0,1
1972,1972,0,959,0,1
1973,1973,0,959,0,1
1974,1974,0,959,0,1
1975,1975,0,959,0,1
1976,1976,0,959,0,1
1977,1977,0,959,0,1
1978,1978,0,959,0,1
1979,1979,0,959,0,1
1980,1980,0,959,0,1
1981,1981,0,959,0,1
1982,1982,0,959,0,1
1983,1983,0,959,0,1
1984,1984,0,959,0,1
1985,1985,0,959,0,1
1986,1986,0,959,0,1
1987,1987,0,959,0,1
1988,1988,0,959,0,1
1989,1989,0,959,0,1
1990,1990,0,959,0,1
1991,1991,0,959,0,1
1992,1992,0,959,0,1
1993,1993,0,959,0,1
1994,1994,0,959,0,1
1995,1995,0,959,0,1
1996,1996,0,959,0,1
1997,1997,0,959,0,1
1998,1998,0,959,0,1
1999,1999,0,959,0,1
2000,2000,0,959,0,1
2001,2001,0,959,0,1
2002,2002,0,959,0,1
2003,2003,0,959,0,1
2004,2004,0,959,0,1
2005,2005,0,959,0,1
2006,2006,0,959,0,1
2007,2007,0,959,0,1
2008,2008,0,959,0,1
2009,2009,0,959,0,1
2010,2010,0,959,0,1
2011,2011,0,959,0,1
2012,2012,0,959,0,1
2013,2013,0,959,0,1
2014,2014,0,959,0,1
2015,2015,0,959,0,1
2016,2016,0,959,0,1
2017,2017,0,959,0,1
2018,2018,0,959,0,1
2019,2019,0,959,0,1
2020,2020,0,959,0,1
2021,2021,0,959,0,1
2022,2022,0,959,0,1
2023,2023,0,959,0,1
2024,2024,0,959,0,1
2025,2025,0,959,0,1
2026,2026,0,959,0,1
2027,2027,0,959,0,1
2028,2028,0,959,0,1
2029,2029,0,959,0,1
2030,2030,0,959,0,1
2031,2031,0,959,0,1
2032,2032,0,959,0,1
2033,2033,0,959,0,1
2034,2034,0,959,0,1
2035,2035,0,959,0,1
2036,2036,0,959,0,1
2037,2037,0,959,0,1
2038,2038,0,959,0,1
2039,2039,0,959,0,1
2040,2040,0,959,0,1
2041,2041,0,959,0,1
2042,2042,0,959,0,1
2043,2043,0,959,0,1
2044,2044,0,959,0,1
2045,2045,0,959,0,1
2046,2046,0,959,0,1
2047,2047,0,959,0,1
